{
  "iso_metrics": {
    "precision": 0.20754716981132076,
    "recall": 0.3473684210526316,
    "f1": 0.25984251968503935,
    "pr_auc": 0.12560593176494717
  },
  "xgb_metrics": {
    "precision": 0.872093023255814,
    "recall": 0.7894736842105263,
    "f1": 0.8287292817679558,
    "pr_auc": 0.8061477940318017
  },
  "ensemble_metrics": {
    "precision": 0.8705882352941177,
    "recall": 0.7789473684210526,
    "f1": 0.8222222222222222
  },
  "feature_count": 46,
  "training_samples": 226980
}